INSERT INTO proveedor (nombre, correo, telefono) VALUES
('Flores del Campo S.A.',       'ventas@floresdecampo.gt',    '2345-6789'),
('Viveros Orquidea',            'info@viverorquidea.gt',      '2312-4455'),
('Distribuidora Floral Maya',   'contacto@floralmaya.gt',     '5544-1122'),
('El Jardin del Rey',           'pedidos@jardinrey.gt',       '2278-9900'),
('Flores de Altura',            'flores@dealturas.gt',        '7890-1234'),
('Importadora Tulipanes',       'tulipanes@importadora.gt',   '2367-8800'),
('Rosas de Antigua',            'ventas@rosasantigua.gt',     '7723-4455'),
('Follajes del Norte',          'follajes@norte.gt',          '5512-3344'),
('Papeles Creativos GT',        'hola@papelesgt.gt',          '2256-7788'),
('Listones y Mas',              'ventas@listones.gt',         '2299-1100'),
('Flores Tropicales Izabal',    'tropical@izabal.gt',         '7834-2211'),
('Vivero Los Cuchumatanes',     'vivero@cuchumatanes.gt',     '7756-9900'),
('Suministros Florales CR',     'suministros@floresgt.gt',    '2234-5678'),
('Casa del Follaje',            'casa@delfollaje.gt',         '5598-7766'),
('Flores La Esperanza',         'esperanza@flores.gt',        '7867-3344'),
('Distribuidora Verde Vida',    'verde@distribuvidaverde.gt', '2323-4455'),
('Flores del Lago',             'info@floresdellago.gt',      '7789-2211'),
('Bambu y Follaje S.A.',        'bambu@follaje.gt',           '2211-3344'),
('Cinteria Nacional',           'cinteria@nacional.gt',       '2245-6677'),
('Papeles de Arte Guatemala',   'arte@papeles.gt',            '5534-8899'),
('Flores San Marcos',           'sanmarcos@flores.gt',        '7712-5566'),
('Orquideas del Quiche',        'orquideas@quiche.gt',        '7756-1122'),
('Girasoles de Peten',          'girasoles@peten.gt',         '7878-2233'),
('Exoticas Verapaz',            'exoticas@verapaz.gt',        '5523-6677'),
('Claveles del Altiplano',      'claveles@altiplano.gt',      '7767-4455'),
('Hojas Tropicales Export',     'hojas@tropicalexport.gt',    '2256-0011');

INSERT INTO producto (nombre, categoria, id_proveedor, cantidad, precio) VALUES
('Rosa roja',                'flor',    (SELECT id_proveedor FROM proveedor WHERE nombre='Rosas de Antigua'),        120,  5.50),
('Rosa blanca',              'flor',    (SELECT id_proveedor FROM proveedor WHERE nombre='Rosas de Antigua'),         85,  5.50),
('Rosa amarilla',            'flor',    (SELECT id_proveedor FROM proveedor WHERE nombre='Rosas de Antigua'),         60,  5.50),
('Girasol',                  'flor',    (SELECT id_proveedor FROM proveedor WHERE nombre='Girasoles de Peten'),      200,  4.00),
('Orquidea morada',          'flor',    (SELECT id_proveedor FROM proveedor WHERE nombre='Orquideas del Quiche'),     45, 18.00),
('Clavel rojo',              'flor',    (SELECT id_proveedor FROM proveedor WHERE nombre='Claveles del Altiplano'),  300,  2.50),
('Clavel blanco',            'flor',    (SELECT id_proveedor FROM proveedor WHERE nombre='Claveles del Altiplano'),  250,  2.50),
('Lilium blanco',            'flor',    (SELECT id_proveedor FROM proveedor WHERE nombre='Flores del Campo S.A.'),    80,  9.00),
('Margarita',                'flor',    (SELECT id_proveedor FROM proveedor WHERE nombre='Flores del Campo S.A.'),   400,  1.50),
('Ave del paraiso',          'flor',    (SELECT id_proveedor FROM proveedor WHERE nombre='Exoticas Verapaz'),         30, 22.00),
('Helecho cuero',            'follaje', (SELECT id_proveedor FROM proveedor WHERE nombre='Follajes del Norte'),      150,  3.00),
('Ruscus',                   'follaje', (SELECT id_proveedor FROM proveedor WHERE nombre='Casa del Follaje'),         90,  4.50),
('Eucalipto',                'follaje', (SELECT id_proveedor FROM proveedor WHERE nombre='Casa del Follaje'),        200,  2.00),
('Aspidistra',               'follaje', (SELECT id_proveedor FROM proveedor WHERE nombre='Bambu y Follaje S.A.'),    100,  5.00),
('Limonio',                  'follaje', (SELECT id_proveedor FROM proveedor WHERE nombre='Distribuidora Verde Vida'), 70,  3.50),
('Bambu decorativo',         'follaje', (SELECT id_proveedor FROM proveedor WHERE nombre='Bambu y Follaje S.A.'),     40,  8.00),
('Liston rojo 5 cm',         'liston',  (SELECT id_proveedor FROM proveedor WHERE nombre='Listones y Mas'),          500,  1.00),
('Liston dorado 3 cm',       'liston',  (SELECT id_proveedor FROM proveedor WHERE nombre='Listones y Mas'),          450,  0.80),
('Liston plateado',          'liston',  (SELECT id_proveedor FROM proveedor WHERE nombre='Cinteria Nacional'),       600,  0.80),
('Liston verde 5 cm',        'liston',  (SELECT id_proveedor FROM proveedor WHERE nombre='Cinteria Nacional'),       300,  1.00),
('Papel kraft marron',       'papel',   (SELECT id_proveedor FROM proveedor WHERE nombre='Papeles Creativos GT'),    200,  2.50),
('Papel burbuja',            'papel',   (SELECT id_proveedor FROM proveedor WHERE nombre='Papeles de Arte Guatemala'),150, 3.00),
('Papel celofan transparente','papel',  (SELECT id_proveedor FROM proveedor WHERE nombre='Papeles de Arte Guatemala'),400, 1.50),
('Papel tissue blanco',      'papel',   (SELECT id_proveedor FROM proveedor WHERE nombre='Papeles Creativos GT'),    350,  1.20),
('Papel kraft negro',        'papel',   (SELECT id_proveedor FROM proveedor WHERE nombre='Papeles Creativos GT'),    180,  2.50),
('Orquidea blanca',          'flor',    (SELECT id_proveedor FROM proveedor WHERE nombre='Viveros Orquidea'),         35, 20.00);


INSERT INTO cliente (nombre, telefono, correo, direccion) VALUES
('Ana Lucia Gramajo',      '5512-3344', 'ana.gramajo@gmail.com',    'Zona 10, Ciudad de Guatemala'),
('Carlos Rodriguez Lopez', '5578-9900', 'carlos.rl@hotmail.com',    'Zona 1, Ciudad de Guatemala'),
('Maria Fernanda Salazar', '5534-1122', 'mfsalazar@correo.gt',      'Antigua Guatemala'),
('Javier Morales',         '5590-3344', 'jmorales@empresa.gt',      'Zona 4, Ciudad de Guatemala'),
('Sofia Castillo',         '5567-5566', 'sofi.castillo@gmail.com',  'Zona 15, Ciudad de Guatemala'),
('Luis Enrique Perez',     '5523-7788', 'lperez@negocios.gt',       'Mixco, Guatemala'),
('Daniela Soto',           '5545-2211', 'daniela.soto@gmail.com',   'Zona 13, Ciudad de Guatemala'),
('Roberto Fuentes',        '5512-9900', 'rfuentes@mail.com',        'Villa Nueva, Guatemala'),
('Claudia Estrada',        '5578-4455', 'claudia_e@correo.gt',      'San Pedro Sacatepequez'),
('Andres Batres',          '5534-6677', 'abatres@gmail.com',        'Zona 12, Ciudad de Guatemala'),
('Valeria Monzon',         '5590-8899', 'vmonzon@hotmail.com',      'Zona 7, Ciudad de Guatemala'),
('Hector Aju',             '5556-1122', 'hector.aju@correo.gt',     'Escuintla'),
('Patricia Lopez',         '5523-3344', 'patricia.lopez@gmail.com', 'Zona 11, Ciudad de Guatemala'),
('Diego Chavez',           '5589-5566', 'dchavez@empresa.gt',       'Zona 6, Ciudad de Guatemala'),
('Isabella Ruiz',          '5545-7788', 'i.ruiz@mail.com',          'Zona 14, Ciudad de Guatemala'),
('Fernando Dubon',         '5512-0011', 'fdubon@correo.gt',         'Quetzaltenango'),
('Mariela Contreras',      '5578-2233', 'mcontreras@gmail.com',     'Zona 5, Ciudad de Guatemala'),
('Oscar Merida',           '5534-4455', 'omerida@negocios.gt',      'Zona 9, Ciudad de Guatemala'),
('Lucia Mazariegos',       '5590-6677', 'lmazariegos@hotmail.com',  'San Juan Sacatepequez'),
('Tomas Castaneda',        '5567-8899', 'tcastaneda@mail.com',      'Zona 2, Ciudad de Guatemala'),
('Elena Ordonez',          '5545-0011', 'eordonez@correo.gt',       'Zona 16, Ciudad de Guatemala'),
('Rodrigo Samayoa',        '5512-2233', 'rsamayoa@gmail.com',       'Villa Canales, Guatemala'),
('Natalia Aguilar',        '5578-4455', 'naguilar@empresa.gt',      'Zona 8, Ciudad de Guatemala'),
('Emilio Barrios',         '5534-6677', 'ebarrios@correo.gt',       'Zona 3, Ciudad de Guatemala'),
('Silvia Mendez',          '5590-8899', 'smendez@gmail.com',        'Coban, Alta Verapaz');

INSERT INTO empleado (nombre, rol, telefono, correo) VALUES
('Alejandra Paz',    'Vendedor',  '5512-1111', 'apaz@floreria.gt'),
('Bruno Solis',      'Vendedor',  '5523-2222', 'bsolis@floreria.gt'),
('Carmen Ixcot',     'Vendedor',  '5534-3333', 'cixcot@floreria.gt'),
('David Najera',     'Gerente',   '5545-4444', 'dnajera@floreria.gt'),
('Esmeralda Choc',   'Vendedor',  '5556-5555', 'echoc@floreria.gt'),
('Felipe Reyes',     'Bodeguero', '5567-6666', 'freyes@floreria.gt'),
('Gloria Tzul',      'Cajero',    '5578-7777', 'gtzul@floreria.gt'),
('Hector Velasquez', 'Disenador', '5589-8888', 'hvelasquez@floreria.gt');


INSERT INTO ramo (total) VALUES
( 85.00), 
( 62.50), 
(120.00), 
( 45.00), 
(200.00),
( 35.00), 
( 98.00), 
( 55.50), 
(145.00), 
( 78.00),
( 32.00), 
(175.00), 
( 68.00), 
( 92.00), 
(110.00),
( 48.50), 
(136.00), 
( 57.00), 
( 84.00), 
(115.00),
( 43.00), 
(190.00), 
( 72.00), 
( 99.00), 
(128.00),
( 61.00), 
(155.00);

INSERT INTO ramo_producto (id_ramo, id_producto, cantidad) VALUES
(1, 1, 6),
(1, 17, 2),
(2, 4, 5),
(2, 11, 3),
(3, 5, 4),
(3, 12, 2),
(4, 9, 8),
(5, 10, 3),
(5, 16, 2),
(6, 6, 10),
(7, 2, 7),
(7, 18, 3),
(8, 8, 5),
(9, 3, 6),
(9, 19, 2),
(10, 7, 9),
(11, 14, 4),
(12, 13, 6),
(13, 15, 3),
(14, 20, 5),
(15, 21, 4),
(16, 22, 3),
(17, 23, 6),
(18, 24, 2),
(19, 25, 5),
(20, 1, 5),
(20, 11, 3),
(21, 4, 6),
(21, 17, 2),
(22, 5, 3),
(22, 12, 4),
(23, 9, 7),
(23, 18, 2),
(24, 2, 5),
(24, 13, 3),
(25, 6, 8),
(25, 19, 2),
(26, 8, 4),
(26, 14, 3),
(27, 10, 2),
(27, 16, 3);

INSERT INTO venta (id_cliente, id_empleado, fecha, precio_total) VALUES
(1, 1, '2026-01-05', 85.00),
(2, 2, '2026-01-10', 62.50),
(3, 3, '2026-01-15', 120.00),
(4, 4, '2026-01-20', 45.00),
(5, 5, '2026-01-25', 200.00),
(6, 6, '2026-02-03', 35.00),
(7, 7, '2026-02-08', 98.00),
(8, 8, '2026-02-14', 55.50),
(9, 1, '2026-02-18', 145.00),
(10, 2, '2026-02-22', 78.00),
(11, 3, '2026-03-02', 32.00),
(12, 4, '2026-03-06', 175.00),
(13, 5, '2026-03-10', 68.00),
(14, 6, '2026-03-15', 92.00),
(15, 7, '2026-03-20', 110.00),
(16, 8, '2026-04-01', 48.50),
(17, 1, '2026-04-05', 136.00),
(18, 2, '2026-04-10', 57.00),
(19, 3, '2026-04-15', 84.00),
(20, 4, '2026-04-20', 115.00),
(21, 5, '2026-05-03', 43.00),
(22, 6, '2026-05-08', 190.00),
(23, 7, '2026-05-12', 72.00),
(24, 8, '2026-05-18', 99.00),
(25, 1, '2026-05-25', 128.00);

INSERT INTO ramo_venta (id_venta, id_ramo) VALUES
(1, 1),
(2, 2),
(3, 3),
(4, 4),
(5, 5),
(6, 6),
(7, 7),
(8, 8),
(9, 9),
(10, 10),
(11, 11),
(12, 12),
(13, 13),
(14, 14),
(15, 15),
(16, 16),
(17, 17),
(18, 18),
(19, 19),
(20, 20),
(21, 21),
(22, 22),
(23, 23),
(24, 24),
(25, 25);
